SNV,Frequency
C1018G,15
C1126A,8
C2167T,16
C3441G,22
C4157A,12
C5167T,18
C6481G,25
C9748A,22
C45515T,16
T63865C,8
T66200G,16
T711021A,22
T79885C,12
T82183G,18
T99107A,25
T100112C,22
T118717G,16
T120160A,24
T120364C,15
T54700G,8
A14322T,22
A14383C,16
A16260G,24
A16112T,15
A37627C,8
A38314G,16
A38933T,22
A41185C,12
A42283G,18
A43272T,25
A43904C,22
A45815G,16
A84423G,24
A94771C,15
G87764A,16
G88765C,22
G236T,12
G88102A,18
G79227C,25
G62573T,22
G59770A,16
G78683C,24
G77777T,15
G78336A,8
G59574C,16
G73485A,22
G73249A,12
A40032T,18
A41845C,25
A42669G,22
A43213T,16
A81381C,24
A65289G,15
A152616T,8
A150335C,16
A38728G,22
A150925T,12
A365C,18
T54019C,25
T53901G,22
T52849A,16
G11971A,22
G11015C,16
G10721T,24
G10308A,15
G9154C,8
G8450T,16
G8293A,22
G6956C,12
G6541T,18
G5974A,25
G5515C,22
G4995T,16
G4713A,24
A93709T,15
A92954C,8
A92251G,16
A91632T,22
A88281C,12
C112149A,7
C110749T,15
C109898G,20
C108864G,12
C132165A,24
C129666T,20
C128087G,13
C124860G,10
