SAAV_Site,Frequency
S34A,15
S36W,8
S75N,16
S77D,22
Y80C,12
T83Q,18
S85E,25
S87G,22
S88H,16
S100I,24
S109L,15
K123H,8
K148M,16
T152F,22
S155P,12
S159V,18
S161M,25
K177W,22
T192L,16
T194V,24
K223A,15
S238W,8
S239N,16
S241D,22
S245C,12
S246Q,18
K259E,25
S267G,22
K276H,16
S278I,24
S282L,15
S283H,8
S285M,16
T287F,22
S288P,12
K289V,18
K298M,25
K298W,22
K308L,16
S310V,24
S312A,15
S319W,8
K327N,16
T329D,22
S331C,12
S334Q,18
S340E,25
K355G,22
S361H,16
S369I,24
R422L,15
S424H,8
Y507M,16
K617F,22
T650P,12
T748V,18
K752M,25
T758W,22
Y775L,16
S780V,24
T792A,15
K799W,8
Y811N,16
K815D,22
K825C,12
K832Q,18
S849E,25
S885G,22
S936H,16
T941I,24
S942L,15
S987H,8
S991M,16
S997F,22
K1001P,12
Y1015V,18
S1016M,25
K1029W,22
S1030L,16
T1032V,24
T1033A,15
S1036W,8
K1038N,16
S1044D,22
K1048C,12
S1054Q,18
T1055E,25
S1057G,22
T1067H,16
S1078I,24
K1079L,15
S1113H,8
Y1170M,16
K1174F,22
K1177P,12
K1221V,18
S1248M,25
S1250W,22
K1259L,16
K1259V,24
K1267A,15
K1280W,8
K1280N,16
K1283D,22
K1288C,12
K1288Q,18
S1317E,25
S1322G,22
S1329H,16
S1367I,24
R1374L,15
S1376H,8
T1377M,16
S1381F,22
K1399P,12
T1421V,18
T1424M,25
K1425W,22
T1426L,16
S1427V,24
K1507A,15
S1575W,8
S1577N,16
T1592D,22
K1600C,12
K1661Q,18
S1663E,25
K1668G,22
K1686H,16
K1686I,24
K1692L,15
K1702H,8
K1706M,16
K1724F,22
K1766P,12
K1809V,18
K1877M,25
T1937W,22
K1941L,16
T1942V,24
S1955A,23
K1977W,20
